email,username,image_url,password,first_name,last_name,created_at
curtiskelsey@example.net,hunter08,https://randomuser.me/api/portraits/women/74.jpg,$2b$12$Ae6.SljpHvGGxyo5WmEte.r3zukiA0H5AeiPLEkZiH9z6fOqp.q7i,Jeffrey,Jordan,2019-12-10 07:09:42.889383
jennifer54@example.com,logansandy,https://randomuser.me/api/portraits/women/97.jpg,$2b$12$Ae6.SljpHvGGxyo5WmEte.r3zukiA0H5AeiPLEkZiH9z6fOqp.q7i,Rhonda,Chapman,2021-09-09 05:16:41.734625
sheenabailey@example.org,amy50,https://randomuser.me/api/portraits/women/44.jpg,$2b$12$Ae6.SljpHvGGxyo5WmEte.r3zukiA0H5AeiPLEkZiH9z6fOqp.q7i,Anthony,Collins,2021-03-14 05:10:07.313104
torreslinda@example.org,mark59,https://randomuser.me/api/portraits/men/93.jpg,$2b$12$Ae6.SljpHvGGxyo5WmEte.r3zukiA0H5AeiPLEkZiH9z6fOqp.q7i,Phillip,Lee,2019-11-07 22:29:07.318931
melissajoyce@example.com,clineclaudia,https://randomuser.me/api/portraits/men/84.jpg,$2b$12$Ae6.SljpHvGGxyo5WmEte.r3zukiA0H5AeiPLEkZiH9z6fOqp.q7i,Joann,Brown,2021-01-27 06:49:06.230245
wallsjay@example.org,dawnjohnson,https://randomuser.me/api/portraits/women/14.jpg,$2b$12$Ae6.SljpHvGGxyo5WmEte.r3zukiA0H5AeiPLEkZiH9z6fOqp.q7i,Kyle,Jackson,2020-01-07 04:32:46.624036
elizabeth69@example.org,emendoza,https://randomuser.me/api/portraits/men/33.jpg,$2b$12$Ae6.SljpHvGGxyo5WmEte.r3zukiA0H5AeiPLEkZiH9z6fOqp.q7i,Sarah,Lawson,2021-06-16 16:38:22.815219
melissa00@example.com,doughertyjasmine,https://randomuser.me/api/portraits/men/66.jpg,$2b$12$Ae6.SljpHvGGxyo5WmEte.r3zukiA0H5AeiPLEkZiH9z6fOqp.q7i,Alexander,Holden,2021-01-24 06:42:39.450818
xmercado@example.org,moniquejames,https://randomuser.me/api/portraits/men/26.jpg,$2b$12$Ae6.SljpHvGGxyo5WmEte.r3zukiA0H5AeiPLEkZiH9z6fOqp.q7i,Adrian,Maldonado,2021-03-18 05:41:37.054487
hesterdean@example.org,michaelglover,https://randomuser.me/api/portraits/men/18.jpg,$2b$12$Ae6.SljpHvGGxyo5WmEte.r3zukiA0H5AeiPLEkZiH9z6fOqp.q7i,Wendy,Huang,2020-10-14 02:47:17.243374
ahorton@example.com,arodriguez,https://randomuser.me/api/portraits/women/22.jpg,$2b$12$Ae6.SljpHvGGxyo5WmEte.r3zukiA0H5AeiPLEkZiH9z6fOqp.q7i,Kelly,Knight,2021-08-04 21:51:48.498975
barajasadrienne@example.com,rkey,https://randomuser.me/api/portraits/men/71.jpg,$2b$12$Ae6.SljpHvGGxyo5WmEte.r3zukiA0H5AeiPLEkZiH9z6fOqp.q7i,Kelly,Hodge,2021-05-20 13:38:55.010388
apayne@example.com,griffinsusan,https://randomuser.me/api/portraits/women/87.jpg,$2b$12$Ae6.SljpHvGGxyo5WmEte.r3zukiA0H5AeiPLEkZiH9z6fOqp.q7i,Stacey,Gilbert,2021-03-11 11:03:52.032319
qmeza@example.net,kathryn74,https://randomuser.me/api/portraits/women/3.jpg,$2b$12$Ae6.SljpHvGGxyo5WmEte.r3zukiA0H5AeiPLEkZiH9z6fOqp.q7i,Dylan,Thompson,2020-11-09 01:08:38.068348
ybutler@example.net,james28,https://randomuser.me/api/portraits/women/74.jpg,$2b$12$Ae6.SljpHvGGxyo5WmEte.r3zukiA0H5AeiPLEkZiH9z6fOqp.q7i,Bethany,Kemp,2019-12-05 20:04:17.301115
samantha95@example.org,ukim,https://randomuser.me/api/portraits/women/34.jpg,$2b$12$Ae6.SljpHvGGxyo5WmEte.r3zukiA0H5AeiPLEkZiH9z6fOqp.q7i,Paul,Heath,2020-07-02 08:00:24.991388
bakersuzanne@example.org,wellsallison,https://randomuser.me/api/portraits/men/9.jpg,$2b$12$Ae6.SljpHvGGxyo5WmEte.r3zukiA0H5AeiPLEkZiH9z6fOqp.q7i,Christina,Lawrence,2020-10-13 08:05:21.988088
jason77@example.net,amber71,https://randomuser.me/api/portraits/women/94.jpg,$2b$12$Ae6.SljpHvGGxyo5WmEte.r3zukiA0H5AeiPLEkZiH9z6fOqp.q7i,Christopher,Davis,2021-05-12 19:06:26.139302
justinhowell@example.com,boothbrandon,https://randomuser.me/api/portraits/women/0.jpg,$2b$12$Ae6.SljpHvGGxyo5WmEte.r3zukiA0H5AeiPLEkZiH9z6fOqp.q7i,Kimberly,Thornton,2021-06-29 18:03:15.161707
kdixon@example.org,caroline89,https://randomuser.me/api/portraits/women/3.jpg,$2b$12$Ae6.SljpHvGGxyo5WmEte.r3zukiA0H5AeiPLEkZiH9z6fOqp.q7i,Cheryl,Mullins,2021-03-01 06:39:39.762753
markortiz@example.com,krystal56,https://randomuser.me/api/portraits/lego/1.jpg,$2b$12$Ae6.SljpHvGGxyo5WmEte.r3zukiA0H5AeiPLEkZiH9z6fOqp.q7i,Susan,Taylor,2020-08-27 22:53:00.870042
yallen@example.net,samanthabaker,https://randomuser.me/api/portraits/men/57.jpg,$2b$12$Ae6.SljpHvGGxyo5WmEte.r3zukiA0H5AeiPLEkZiH9z6fOqp.q7i,Makayla,Rodriguez,2021-01-03 08:11:52.780770
cjackson@example.com,barnettjohn,https://randomuser.me/api/portraits/men/14.jpg,$2b$12$Ae6.SljpHvGGxyo5WmEte.r3zukiA0H5AeiPLEkZiH9z6fOqp.q7i,Jacob,Leblanc,2020-05-17 16:55:34.616951
gallagheremily@example.com,dmontgomery,https://randomuser.me/api/portraits/women/34.jpg,$2b$12$Ae6.SljpHvGGxyo5WmEte.r3zukiA0H5AeiPLEkZiH9z6fOqp.q7i,Matthew,Reed,2020-12-30 12:16:03.319330
rosalesjacob@example.com,onealjennifer,https://randomuser.me/api/portraits/men/49.jpg,$2b$12$Ae6.SljpHvGGxyo5WmEte.r3zukiA0H5AeiPLEkZiH9z6fOqp.q7i,Lisa,Brooks,2020-08-20 10:21:46.619509
johnsonmary@example.com,woodcrystal,https://randomuser.me/api/portraits/men/70.jpg,$2b$12$Ae6.SljpHvGGxyo5WmEte.r3zukiA0H5AeiPLEkZiH9z6fOqp.q7i,Joseph,Duncan,2021-10-11 17:02:15.884135
thompsonmadeline@example.net,samuelchen,https://randomuser.me/api/portraits/women/31.jpg,$2b$12$Ae6.SljpHvGGxyo5WmEte.r3zukiA0H5AeiPLEkZiH9z6fOqp.q7i,Laura,Casey,2019-12-11 16:34:26.621639
joseph11@example.net,brandymaxwell,https://randomuser.me/api/portraits/women/41.jpg,$2b$12$Ae6.SljpHvGGxyo5WmEte.r3zukiA0H5AeiPLEkZiH9z6fOqp.q7i,David,Henson,2019-12-10 07:18:12.072351
frankhouston@example.org,richardsmichael,https://randomuser.me/api/portraits/women/99.jpg,$2b$12$Ae6.SljpHvGGxyo5WmEte.r3zukiA0H5AeiPLEkZiH9z6fOqp.q7i,Susan,Church,2019-10-27 23:51:49.268149
yrosario@example.net,toddrodney,https://randomuser.me/api/portraits/women/8.jpg,$2b$12$Ae6.SljpHvGGxyo5WmEte.r3zukiA0H5AeiPLEkZiH9z6fOqp.q7i,Kara,Hardin,2020-02-02 03:26:59.738876
gonzalessamuel@example.org,pbell,https://randomuser.me/api/portraits/women/40.jpg,$2b$12$Ae6.SljpHvGGxyo5WmEte.r3zukiA0H5AeiPLEkZiH9z6fOqp.q7i,Vanessa,Hicks,2021-07-12 19:44:59.777590
zsolomon@example.org,james59,https://randomuser.me/api/portraits/men/45.jpg,$2b$12$Ae6.SljpHvGGxyo5WmEte.r3zukiA0H5AeiPLEkZiH9z6fOqp.q7i,Joshua,Lambert,2021-05-16 00:27:34.510759
alicia73@example.com,evansbeth,https://randomuser.me/api/portraits/men/62.jpg,$2b$12$Ae6.SljpHvGGxyo5WmEte.r3zukiA0H5AeiPLEkZiH9z6fOqp.q7i,Julie,Howard,2021-01-31 08:00:40.768034
ugarcia@example.com,ashley84,https://randomuser.me/api/portraits/men/90.jpg,$2b$12$Ae6.SljpHvGGxyo5WmEte.r3zukiA0H5AeiPLEkZiH9z6fOqp.q7i,Deborah,Hogan,2021-02-27 13:43:32.404539
christinegreen@example.org,lisa70,https://randomuser.me/api/portraits/women/38.jpg,$2b$12$Ae6.SljpHvGGxyo5WmEte.r3zukiA0H5AeiPLEkZiH9z6fOqp.q7i,Gary,Chandler,2020-12-19 19:28:48.923287
brittanymendoza@example.com,fosterjonathan,https://randomuser.me/api/portraits/men/50.jpg,$2b$12$Ae6.SljpHvGGxyo5WmEte.r3zukiA0H5AeiPLEkZiH9z6fOqp.q7i,Jeffrey,Sullivan,2020-09-18 04:11:03.295160
usmith@example.org,brewerkaren,https://randomuser.me/api/portraits/lego/2.jpg,$2b$12$Ae6.SljpHvGGxyo5WmEte.r3zukiA0H5AeiPLEkZiH9z6fOqp.q7i,Denise,Roach,2020-11-07 05:29:19.309181
bradleylee@example.org,bgraham,https://randomuser.me/api/portraits/women/66.jpg,$2b$12$Ae6.SljpHvGGxyo5WmEte.r3zukiA0H5AeiPLEkZiH9z6fOqp.q7i,Steven,Hoffman,2021-07-10 13:46:12.691411
mbarnett@example.com,vcastillo,https://randomuser.me/api/portraits/women/84.jpg,$2b$12$Ae6.SljpHvGGxyo5WmEte.r3zukiA0H5AeiPLEkZiH9z6fOqp.q7i,Vanessa,Wood,2020-07-07 06:38:57.597128
scott24@example.com,ushelton,https://randomuser.me/api/portraits/men/39.jpg,$2b$12$Ae6.SljpHvGGxyo5WmEte.r3zukiA0H5AeiPLEkZiH9z6fOqp.q7i,Kevin,Allen,2020-05-11 04:34:51.073120
jade22@example.com,andreaskinner,https://randomuser.me/api/portraits/women/81.jpg,$2b$12$Ae6.SljpHvGGxyo5WmEte.r3zukiA0H5AeiPLEkZiH9z6fOqp.q7i,Michael,Harris,2021-02-19 11:51:07.411732
cjohnson@example.net,melissacolon,https://randomuser.me/api/portraits/women/19.jpg,$2b$12$Ae6.SljpHvGGxyo5WmEte.r3zukiA0H5AeiPLEkZiH9z6fOqp.q7i,Robert,Lang,2020-11-22 21:13:07.682433
joneswesley@example.org,tommy92,https://randomuser.me/api/portraits/lego/5.jpg,$2b$12$Ae6.SljpHvGGxyo5WmEte.r3zukiA0H5AeiPLEkZiH9z6fOqp.q7i,Ashley,Robinson,2021-01-19 10:55:28.360265
davidmorales@example.com,harringtonchristopher,https://randomuser.me/api/portraits/women/35.jpg,$2b$12$Ae6.SljpHvGGxyo5WmEte.r3zukiA0H5AeiPLEkZiH9z6fOqp.q7i,Dylan,Jackson,2021-10-08 15:16:29.931018
angel99@example.org,eholden,https://randomuser.me/api/portraits/men/6.jpg,$2b$12$Ae6.SljpHvGGxyo5WmEte.r3zukiA0H5AeiPLEkZiH9z6fOqp.q7i,Jennifer,Rodriguez,2021-07-16 13:09:20.759265
shane34@example.com,pamela57,https://randomuser.me/api/portraits/men/0.jpg,$2b$12$Ae6.SljpHvGGxyo5WmEte.r3zukiA0H5AeiPLEkZiH9z6fOqp.q7i,Roger,Smith,2020-04-19 07:50:50.917823
kayla51@example.com,qanderson,https://randomuser.me/api/portraits/women/27.jpg,$2b$12$Ae6.SljpHvGGxyo5WmEte.r3zukiA0H5AeiPLEkZiH9z6fOqp.q7i,Dustin,Collins,2020-11-19 08:27:55.742481
choward@example.com,olsongabriel,https://randomuser.me/api/portraits/men/64.jpg,$2b$12$Ae6.SljpHvGGxyo5WmEte.r3zukiA0H5AeiPLEkZiH9z6fOqp.q7i,William,Pham,2019-12-28 10:33:17.982953
alexanderbrown@example.com,fullerheidi,https://randomuser.me/api/portraits/women/7.jpg,$2b$12$Ae6.SljpHvGGxyo5WmEte.r3zukiA0H5AeiPLEkZiH9z6fOqp.q7i,Paul,Ryan,2020-05-12 15:43:35.244210
jeffreyfry@example.com,baileybrian,https://randomuser.me/api/portraits/women/58.jpg,$2b$12$Ae6.SljpHvGGxyo5WmEte.r3zukiA0H5AeiPLEkZiH9z6fOqp.q7i,Joyce,Olsen,2021-07-21 13:11:20.002668
daniel46@example.net,autumngilmore,https://randomuser.me/api/portraits/men/64.jpg,$2b$12$Ae6.SljpHvGGxyo5WmEte.r3zukiA0H5AeiPLEkZiH9z6fOqp.q7i,Sara,Wagner,2020-02-23 23:35:17.810865
christopher26@example.org,srichards,https://randomuser.me/api/portraits/lego/2.jpg,$2b$12$Ae6.SljpHvGGxyo5WmEte.r3zukiA0H5AeiPLEkZiH9z6fOqp.q7i,Carrie,York,2020-04-22 07:18:58.423567
fsoto@example.com,dalekramer,https://randomuser.me/api/portraits/men/55.jpg,$2b$12$Ae6.SljpHvGGxyo5WmEte.r3zukiA0H5AeiPLEkZiH9z6fOqp.q7i,Brett,Collins,2021-04-03 13:59:22.358000
carlospreston@example.net,stacy74,https://randomuser.me/api/portraits/women/99.jpg,$2b$12$Ae6.SljpHvGGxyo5WmEte.r3zukiA0H5AeiPLEkZiH9z6fOqp.q7i,Jacob,Martinez,2020-10-10 14:04:40.398126
rogercowan@example.org,christina59,https://randomuser.me/api/portraits/men/24.jpg,$2b$12$Ae6.SljpHvGGxyo5WmEte.r3zukiA0H5AeiPLEkZiH9z6fOqp.q7i,Raymond,Hudson,2020-03-08 01:29:15.871745
dawnrodriguez@example.net,terrycarol,https://randomuser.me/api/portraits/women/60.jpg,$2b$12$Ae6.SljpHvGGxyo5WmEte.r3zukiA0H5AeiPLEkZiH9z6fOqp.q7i,Shaun,Bryant,2020-07-23 10:42:36.453799
rwhite@example.org,rivasrebecca,https://randomuser.me/api/portraits/women/28.jpg,$2b$12$Ae6.SljpHvGGxyo5WmEte.r3zukiA0H5AeiPLEkZiH9z6fOqp.q7i,Timothy,Daniels,2021-01-22 08:41:29.352494
bennettkelly@example.org,michellebennett,https://randomuser.me/api/portraits/men/69.jpg,$2b$12$Ae6.SljpHvGGxyo5WmEte.r3zukiA0H5AeiPLEkZiH9z6fOqp.q7i,Lori,Armstrong,2020-09-24 21:32:46.064284
scottsmith@example.net,thompsonjohn,https://randomuser.me/api/portraits/women/77.jpg,$2b$12$Ae6.SljpHvGGxyo5WmEte.r3zukiA0H5AeiPLEkZiH9z6fOqp.q7i,Mark,Collins,2020-09-18 01:40:28.807285
wagnershannon@example.net,williammartin,https://randomuser.me/api/portraits/women/66.jpg,$2b$12$Ae6.SljpHvGGxyo5WmEte.r3zukiA0H5AeiPLEkZiH9z6fOqp.q7i,Stacey,Guzman,2020-03-30 13:14:08.765162
marylawson@example.net,masseyandrew,https://randomuser.me/api/portraits/men/85.jpg,$2b$12$Ae6.SljpHvGGxyo5WmEte.r3zukiA0H5AeiPLEkZiH9z6fOqp.q7i,Frederick,Garrison,2021-02-23 15:01:46.214483
williamsjessica@example.net,jamesbest,https://randomuser.me/api/portraits/women/53.jpg,$2b$12$Ae6.SljpHvGGxyo5WmEte.r3zukiA0H5AeiPLEkZiH9z6fOqp.q7i,Samuel,Madden,2021-07-27 15:42:36.958858
johnsonnicholas@example.org,qwilson,https://randomuser.me/api/portraits/women/67.jpg,$2b$12$Ae6.SljpHvGGxyo5WmEte.r3zukiA0H5AeiPLEkZiH9z6fOqp.q7i,Christina,Alexander,2020-11-12 11:43:01.555125
andersonrichard@example.com,youngjon,https://randomuser.me/api/portraits/men/84.jpg,$2b$12$Ae6.SljpHvGGxyo5WmEte.r3zukiA0H5AeiPLEkZiH9z6fOqp.q7i,Michael,Cook,2021-08-08 02:03:41.832651
edwardsluke@example.com,jeffersondavid,https://randomuser.me/api/portraits/men/53.jpg,$2b$12$Ae6.SljpHvGGxyo5WmEte.r3zukiA0H5AeiPLEkZiH9z6fOqp.q7i,Evan,Mills,2021-02-22 06:45:32.487097
hmcpherson@example.net,gillmatthew,https://randomuser.me/api/portraits/men/75.jpg,$2b$12$Ae6.SljpHvGGxyo5WmEte.r3zukiA0H5AeiPLEkZiH9z6fOqp.q7i,Kimberly,Case,2021-06-27 19:34:35.391093
oguzman@example.org,keithallen,https://randomuser.me/api/portraits/men/76.jpg,$2b$12$Ae6.SljpHvGGxyo5WmEte.r3zukiA0H5AeiPLEkZiH9z6fOqp.q7i,Rodney,Morris,2020-12-26 14:05:10.750309
phowe@example.com,nparker,https://randomuser.me/api/portraits/women/77.jpg,$2b$12$Ae6.SljpHvGGxyo5WmEte.r3zukiA0H5AeiPLEkZiH9z6fOqp.q7i,Edward,Durham,2020-09-07 21:15:38.883606
simsoscar@example.net,michellevelez,https://randomuser.me/api/portraits/men/6.jpg,$2b$12$Ae6.SljpHvGGxyo5WmEte.r3zukiA0H5AeiPLEkZiH9z6fOqp.q7i,Andrew,Sweeney,2021-08-03 11:18:53.409978
parkeranna@example.com,jontanner,https://randomuser.me/api/portraits/women/58.jpg,$2b$12$Ae6.SljpHvGGxyo5WmEte.r3zukiA0H5AeiPLEkZiH9z6fOqp.q7i,Morgan,Jenkins,2021-04-05 09:28:00.138741
brettwilliams@example.net,ojimenez,https://randomuser.me/api/portraits/women/12.jpg,$2b$12$Ae6.SljpHvGGxyo5WmEte.r3zukiA0H5AeiPLEkZiH9z6fOqp.q7i,Travis,Sanders,2020-03-27 00:55:50.946758
jenniferbarnes@example.org,kimberly38,https://randomuser.me/api/portraits/men/49.jpg,$2b$12$Ae6.SljpHvGGxyo5WmEte.r3zukiA0H5AeiPLEkZiH9z6fOqp.q7i,James,Rios,2019-12-17 05:40:42.591780
scott35@example.com,jacobclements,https://randomuser.me/api/portraits/women/51.jpg,$2b$12$Ae6.SljpHvGGxyo5WmEte.r3zukiA0H5AeiPLEkZiH9z6fOqp.q7i,David,Snow,2019-12-22 15:52:11.019398
andrew74@example.org,osmith,https://randomuser.me/api/portraits/women/42.jpg,$2b$12$Ae6.SljpHvGGxyo5WmEte.r3zukiA0H5AeiPLEkZiH9z6fOqp.q7i,Debbie,Fields,2020-10-03 17:27:05.002394
thomasbush@example.org,maciasthomas,https://randomuser.me/api/portraits/men/60.jpg,$2b$12$Ae6.SljpHvGGxyo5WmEte.r3zukiA0H5AeiPLEkZiH9z6fOqp.q7i,Sheryl,Knight,2020-12-19 10:16:44.444418
mmitchell@example.org,wilsonjennifer,https://randomuser.me/api/portraits/men/52.jpg,$2b$12$Ae6.SljpHvGGxyo5WmEte.r3zukiA0H5AeiPLEkZiH9z6fOqp.q7i,Kevin,Mcbride,2019-10-24 05:48:50.117642
bware@example.net,emilyharper,https://randomuser.me/api/portraits/men/40.jpg,$2b$12$Ae6.SljpHvGGxyo5WmEte.r3zukiA0H5AeiPLEkZiH9z6fOqp.q7i,Joseph,Flores,2020-02-03 13:39:31.376442
paul06@example.com,tmarquez,https://randomuser.me/api/portraits/women/56.jpg,$2b$12$Ae6.SljpHvGGxyo5WmEte.r3zukiA0H5AeiPLEkZiH9z6fOqp.q7i,Erin,Graves,2020-08-13 11:51:21.308753
fbutler@example.org,brandon32,https://randomuser.me/api/portraits/men/82.jpg,$2b$12$Ae6.SljpHvGGxyo5WmEte.r3zukiA0H5AeiPLEkZiH9z6fOqp.q7i,Russell,Anderson,2021-09-06 03:01:23.604438
hoffmanjames@example.org,courtney51,https://randomuser.me/api/portraits/lego/1.jpg,$2b$12$Ae6.SljpHvGGxyo5WmEte.r3zukiA0H5AeiPLEkZiH9z6fOqp.q7i,Gabriel,Fox,2021-06-22 08:45:01.926690
mooretodd@example.org,feliciafox,https://randomuser.me/api/portraits/women/69.jpg,$2b$12$Ae6.SljpHvGGxyo5WmEte.r3zukiA0H5AeiPLEkZiH9z6fOqp.q7i,Dominique,Mann,2020-10-14 02:51:52.947760
sharon95@example.org,tina73,https://randomuser.me/api/portraits/men/94.jpg,$2b$12$Ae6.SljpHvGGxyo5WmEte.r3zukiA0H5AeiPLEkZiH9z6fOqp.q7i,Angelica,Torres,2020-10-12 17:16:23.058406
kevin38@example.com,gonzalezjulie,https://randomuser.me/api/portraits/men/62.jpg,$2b$12$Ae6.SljpHvGGxyo5WmEte.r3zukiA0H5AeiPLEkZiH9z6fOqp.q7i,Teresa,Tate,2021-05-27 15:15:44.046084
ashley54@example.com,abrown,https://randomuser.me/api/portraits/women/23.jpg,$2b$12$Ae6.SljpHvGGxyo5WmEte.r3zukiA0H5AeiPLEkZiH9z6fOqp.q7i,Joshua,Myers,2020-05-24 01:21:33.240100
hharris@example.org,ehill,https://randomuser.me/api/portraits/women/40.jpg,$2b$12$Ae6.SljpHvGGxyo5WmEte.r3zukiA0H5AeiPLEkZiH9z6fOqp.q7i,Albert,Little,2021-09-12 13:24:40.905107
campbellbrian@example.org,agriffith,https://randomuser.me/api/portraits/women/63.jpg,$2b$12$Ae6.SljpHvGGxyo5WmEte.r3zukiA0H5AeiPLEkZiH9z6fOqp.q7i,Robert,Haynes,2020-06-27 04:15:26.107256
colemanpedro@example.org,egarcia,https://randomuser.me/api/portraits/women/4.jpg,$2b$12$Ae6.SljpHvGGxyo5WmEte.r3zukiA0H5AeiPLEkZiH9z6fOqp.q7i,Melissa,Brooks,2020-04-18 12:27:08.713841
kimberlysantiago@example.com,bradleyjonathan,https://randomuser.me/api/portraits/women/63.jpg,$2b$12$Ae6.SljpHvGGxyo5WmEte.r3zukiA0H5AeiPLEkZiH9z6fOqp.q7i,Rachel,Jordan,2021-03-05 09:08:07.009524
johnsondeanna@example.org,daniel20,https://randomuser.me/api/portraits/women/56.jpg,$2b$12$Ae6.SljpHvGGxyo5WmEte.r3zukiA0H5AeiPLEkZiH9z6fOqp.q7i,Christopher,Jackson,2020-04-05 18:15:56.329439
benjaminabbott@example.com,smithkaitlyn,https://randomuser.me/api/portraits/women/62.jpg,$2b$12$Ae6.SljpHvGGxyo5WmEte.r3zukiA0H5AeiPLEkZiH9z6fOqp.q7i,David,Young,2021-10-05 16:17:33.487688
teresacastillo@example.org,gina35,https://randomuser.me/api/portraits/men/34.jpg,$2b$12$Ae6.SljpHvGGxyo5WmEte.r3zukiA0H5AeiPLEkZiH9z6fOqp.q7i,Heather,Thomas,2020-02-15 23:08:02.383794
fwashington@example.org,rodriguezjonathon,https://randomuser.me/api/portraits/women/28.jpg,$2b$12$Ae6.SljpHvGGxyo5WmEte.r3zukiA0H5AeiPLEkZiH9z6fOqp.q7i,Edward,Simmons,2019-12-12 10:50:01.248214
gfitzgerald@example.com,deborahevans,https://randomuser.me/api/portraits/women/99.jpg,$2b$12$Ae6.SljpHvGGxyo5WmEte.r3zukiA0H5AeiPLEkZiH9z6fOqp.q7i,Christopher,Zamora,2020-03-24 06:50:10.246540
ggood@example.com,brittany87,https://randomuser.me/api/portraits/men/56.jpg,$2b$12$Ae6.SljpHvGGxyo5WmEte.r3zukiA0H5AeiPLEkZiH9z6fOqp.q7i,Diane,Gonzalez,2020-11-15 15:24:39.559810
meganwilliams@example.org,tfrazier,https://randomuser.me/api/portraits/men/49.jpg,$2b$12$Ae6.SljpHvGGxyo5WmEte.r3zukiA0H5AeiPLEkZiH9z6fOqp.q7i,Lee,Bowen,2020-10-16 15:17:44.315712
steeledaniel@example.com,karen62,https://randomuser.me/api/portraits/women/27.jpg,$2b$12$Ae6.SljpHvGGxyo5WmEte.r3zukiA0H5AeiPLEkZiH9z6fOqp.q7i,Leah,White,2020-03-01 18:44:31.267486
millskristin@example.org,danny85,https://randomuser.me/api/portraits/men/18.jpg,$2b$12$Ae6.SljpHvGGxyo5WmEte.r3zukiA0H5AeiPLEkZiH9z6fOqp.q7i,Carl,Robinson,2020-05-15 15:31:23.179513
stephen16@example.org,laurareyes,https://randomuser.me/api/portraits/men/42.jpg,$2b$12$Ae6.SljpHvGGxyo5WmEte.r3zukiA0H5AeiPLEkZiH9z6fOqp.q7i,Harold,Rodriguez,2021-01-09 07:23:49.581546
tallen@example.com,john15,https://randomuser.me/api/portraits/women/18.jpg,$2b$12$Ae6.SljpHvGGxyo5WmEte.r3zukiA0H5AeiPLEkZiH9z6fOqp.q7i,Brandy,Strickland,2021-03-01 11:41:29.268885
johnsonthomas@example.org,freemanamber,https://randomuser.me/api/portraits/men/90.jpg,$2b$12$Ae6.SljpHvGGxyo5WmEte.r3zukiA0H5AeiPLEkZiH9z6fOqp.q7i,Janice,Sims,2020-04-13 05:20:46.595721
